{
  "checkpoint_time": "2025-08-21T15:26:35.686984",
  "works_processed": 2000,
  "total_works": 6523,
  "downloaded": 2000,
  "failed": 0,
  "progress_percent": 30.66073892380806
}