{
  "checkpoint_time": "2025-08-21T16:09:44.910824",
  "works_processed": 4000,
  "total_works": 6523,
  "downloaded": 4000,
  "failed": 0,
  "progress_percent": 61.32147784761612
}