{
  "checkpoint_time": "2025-08-21T16:53:42.920060",
  "works_processed": 6000,
  "total_works": 6523,
  "downloaded": 6000,
  "failed": 0,
  "progress_percent": 91.98221677142419
}