{
  "checkpoint_time": "2025-08-21T16:31:25.881654",
  "works_processed": 5000,
  "total_works": 6523,
  "downloaded": 5000,
  "failed": 0,
  "progress_percent": 76.65184730952016
}