{
  "checkpoint_time": "2025-08-21T15:05:09.718793",
  "works_processed": 1000,
  "total_works": 6523,
  "downloaded": 1000,
  "failed": 0,
  "progress_percent": 15.33036946190403
}