{
  "checkpoint_time": "2025-08-21T15:48:13.841382",
  "works_processed": 3000,
  "total_works": 6523,
  "downloaded": 3000,
  "failed": 0,
  "progress_percent": 45.991108385712096
}